{"0.0": {"0.0": [-0.5851212060088584, -0.5318558415810399, -0.5988008537082176, -0.6937855363207509, -0.6479709267472444, -0.6497908888211446, -0.483804907220984, -0.5151749179627125, -0.5961172670706012, -0.5161461239046211, -0.5222675119434901, -0.5984007572779242, -0.6218163966013983, -0.5678919788820541, -0.6888276855184571, -0.6108796764081142, -0.7570742580009827, -0.5584564671123762, -0.4634432327752764, -0.5301737723143692, -0.7434935165848552, -0.36511304510630277, -0.7622177453137716, -0.5299491513822938, -0.39926367097598187, -0.7401166689797161, -0.6328164161414531, -0.7496190334130507, -0.7259669823686602, -0.6611041231355773, -0.5927216386148138, -0.6244555688495312, -0.4571883402939997, -0.5527021433433748, -0.6580806306242818, -0.6452966373515296, -0.4967395030805991, -0.6740032838362364, -0.6293140958175067, -0.5344748798421923, -0.6774398936864403, -0.5821391534848983, -0.48649367911090013, -0.576861455048391, -0.6271988212331977, -0.5420142607652103, -0.7971684564862258, -0.7977000315615378, -0.4950954094271517, -0.5403206828668405, -0.5950130342130637, -0.7748465112339338, -0.6103529191726873, -0.6368601436133409, -0.5455157568901395, -0.5461393931196361, -0.492306332585446, -0.6835426567724984, -0.5195165507014401, -0.6170694135590944, -0.5818733763920998, -0.44599773294600376, -0.5661626851020627, -0.6653398645693492, -0.3529869046916622, -0.6282046668830834, -0.5505557155543075, -0.48762331308685614, -0.6009944970955666, -0.6471958889591545, -0.7087960319646376, -0.7172564209353258, -0.524572273093831, -0.6508886759457451, -0.6175748181042571, -0.7299869313313698, -0.568798763248724, -0.5312938602588775, -0.557773597102908, -0.4197518616930568, -0.6445838334808907, -0.5345020932486106, -0.5847963961069821, -0.6768325376773815, -0.6686035664482467, -0.5208937008862489, -0.7409138867336511, -0.5262687750099057, -0.6647514919299752, -0.6742673356403676, -0.5197679791616248, -0.5516869979508119, -0.6099685315172081, -0.7171299500510865, -0.6675120439729041, -0.5431570817078925, -0.5804328224832814, -0.5257073651410171, -0.6283844255684873, -0.5901382276119161], "1e-09": [-0.6253352335816295, -0.6473715806572229, -0.43926512124310735, -0.49872486618055095, -0.6531275561923003, -0.6299544851366934, -0.5850928594113057, -0.5831134951134855, -0.38697531196567075, -0.44914215141761826, -0.6233670738572442, -0.48803787797528214, -0.6771401193894224, -0.4911276354857225, -0.5684895772766264, -0.6841190076946486, -0.6774092635580748, -0.4305238797340966, -0.3253595711478064, -0.6076535028735602, -0.5570969187517582, -0.6817124846540782, -0.7291334989770559, -0.7172193400320669, -0.5634528487609836, -0.645909859631189, -0.6747000714445106, -0.49752901973600994, -0.650140910520346, -0.6027071153622051, -0.6642945748960677, -0.6739452363519436, -0.6838992962622474, -0.6979958692939078, -0.548593400516003, -0.6334782378217088, -0.6397615536164856, -0.6550672833189533, -0.5780765009688444, -0.6696931658503955, -0.4663542987486006, -0.5035527231398012, -0.43358996588219556, -0.615957743208945, -0.3359316988626851, -0.5671261182824913, -0.5090616735020878, -0.5746190237105402, -0.742932514053301, -0.5030598896133991, -0.505499877685822, -0.7793613318146172, -0.6046420429219277, -0.4946962856443953, -0.5413471998005158, -0.6529795710244163, -0.5862129024589424, -0.8135081222171082, -0.5720563798781909, -0.6406541487033515, -0.5957036727926188, -0.7214796529476301, -0.6485276682575565, -0.6848752417805566, -0.5406774300571667, -0.38089054380525855, -0.7198771429369665, -0.4074404911071998, -0.5341444393913579, -0.7471019390687165, -0.5721329309798983, -0.5113509053315352, -0.5653396440307755, -0.4449405735463215, -0.6938206592086075, -0.6050594462766556, -0.47947394679024236, -0.6102242588596741, -0.6618737078476193, -0.5240453989037391, -0.492411120216724, -0.5473926356742151, -0.5844873456238796, -0.6797978306289411, -0.4924522869345168, -0.475883058501495, -0.6797922850490274, -0.4211548746921197, -0.7549551839887676, -0.7149829040967824, -0.4289284380303913, -0.6016203421836461, -0.5523935017327176, -0.706654690653503, -0.6573522473487072, -0.47539015070892365, -0.5789691646976144, -0.6409912017488077, -0.6848083630564228, -0.5921745807760403], "3.162e-09": [-0.6792515869804242, -0.46168612295692046, -0.4085733618278449, -0.44292826761449117, -0.7349236446170581, -0.388344597434607, -0.537232883985779, -0.530566266052053, -0.6825425983901582, -0.5089990125596916, -0.4326237788813604, -0.5803623208046588, -0.5161422103411114, -0.49008977163408857, -0.7260323902988881, -0.58872515482982, -0.6193863046285806, -0.6644866154282455, -0.41444107435069977, -0.3710032557621356, -0.5590321263017611, -0.5787352288696335, -0.37351166561695687, -0.6107536149619751, -0.574026436689882, -0.6051646016240764, -0.6677006091772875, -0.5588251618382389, -0.4778507732741794, -0.49382611181856995, -0.6610192466727847, -0.6327174540024781, -0.5292313818245994, -0.5309870302395499, -0.5151476221927429, -0.39875407117912715, -0.5375959577700421, -0.4275278559717969, -0.7005946175002076, -0.6968316561395245, -0.5395272148045361, -0.5506585821574382, -0.5406519392350772, -0.6348223842769634, -0.5060355662625595, -0.5481525722188859, -0.37750394486171707, -0.6868749886920664, -0.6751398214520004, -0.6367591577672262, -0.6397809083324884, -0.5875379026471611, -0.5100349453271158, -0.670797977979356, -0.6478605578226936, -0.6224556043776501, -0.611080929274291, -0.7034752933622833, -0.6552687997064983, -0.5381095274197527, -0.5009226507949817, -0.5338090966689751, -0.597902484048785, -0.4537080153056102, -0.4928907799539991, -0.5321958810130979, -0.7099867470155046, -0.5227863932952541, -0.48251479766133565, -0.46785065966579553, -0.3786748849150774, -0.7525055879113729, -0.6340603016685239, -0.5495425766911797, -0.6940743891086437, -0.42424502083697246, -0.6280806042017111, -0.6594383919709239, -0.5516631724763073, -0.6199130037066412, -0.5052246058400516, -0.5638664341591407, -0.517616120592964, -0.6276133255497971, -0.5058124303970514, -0.5478129651878508, -0.4427056850375094, -0.5970690892650035, -0.8126868972342578, -0.592087120455842, -0.5085468013110649, -0.45385309970120224, -0.5956725628671152, -0.5059782845534702, -0.47676418245383995, -0.5111082613182548, -0.43409175446344955, -0.508393875739536, -0.4579372491829555, -0.6717172907033214],