{"0.0": {"0.0": [-0.6857487242102626, -0.5861796536796535, -0.6683800291182841, -0.7899714902142085, -0.7301892216820867, -0.5995455836410111, -0.933148568069203, -0.5302008393285371, -0.5865329088042952, -0.6223133591554644, -0.5756369790951923, -0.7106382978723405, -0.6630014870849901, -0.6174572142314078, -0.6777793233489435, -0.8042051792051791, -0.8036981850541173, -0.5798689846308894, -0.546675745067166, -0.7528247821528004, -0.8018275322086981, -0.4379034707982077, -0.7389915966386554, -0.5438840186031197, -0.4146103628286255, -0.8310158362302046, -0.7195635796629174, -0.8847956898964456, -0.6744397512612929, -0.8583027323698966, -0.6304603174603174, -0.5721094920332289, -0.46327041947163367, -0.7164989363442971, -0.7779634842442724, -0.7941968836464249, -0.6102760851576017, -0.8150096142970253, -0.6321492153254641, -0.5457134292565946, -0.6705689205689206, -0.638770005247278, -0.6991545893719806, -0.6965060427641773, -0.8184572440087146, -0.6380230134108107, -0.5887072461146534, -0.8671991807475679, -0.5731618317825213, -0.6754510174113697, -0.7694272677624509, -0.8605104827614529, -0.6662276080084298, -0.7121502736432919, -0.6552086887296712, -0.8560286183438892, -0.8573358270989193, -0.605811304242863, -0.5459410430839001, -0.6999111389890752, -0.7069709411980705, -0.5085314191574487, -0.6230976084220161, -0.6369260966035158, -0.42671382562686905, -0.6429295006550284, -0.590260963142319, -0.6155412569886254, -0.669967987194878, -0.6965401375544705, -0.853063434062216, -0.7717755671522796, -0.574911158493248, -0.830779054916986, -0.6401216662637982, -0.8687367643915992, -0.6084305686954692, -0.5600058685446009, -0.5587960549183175, -0.41453604141776174, -0.72157848324515, -0.6254844727489103, -0.6323142669296514, -0.8324704632948361, -0.6967838081375198, -0.605804169057181, -0.7382134414049308, -0.6410888184911416, -0.7270718183106576, -0.7326424574626014, -0.5379856768745657, -0.7075776764606552, -0.6512901912901912, -0.747778962331201, -0.8599433828733192, -0.5519263730531335, -0.6412030329373128, -0.5816787131519274, -0.7369676468037124, -0.7498598908052211], "1e-09": [-0.6560712043762891, -0.751897103870788, -0.6395214521452144, -0.7142399107246955, -0.7969323230647272, -0.7215458152958153, -0.8294270027039857, -0.5568320043249088, -0.41832287624366826, -0.4639178613747932, -0.643159673110168, -0.5650610928388705, -0.7293789221114803, -0.638632193775354, -0.6641216770396101, -0.6370153144346692, -0.6185281527309086, -0.47553317680436313, -0.34055739090777626, -0.697131506990662, -0.6228400390031809, -0.8258120529226357, -0.8705212234706617, -0.7509710550887021, -0.632134089626885, -0.7306672577756914, -0.6827094474153296, -0.4561943476577622, -0.8155708982081297, -0.6299401535682023, -0.8011581764488742, -0.7230123020336744, -0.7994979557479558, -0.8216290824986476, -0.6146355755476276, -0.6830153445025808, -0.5810591742343919, -0.676692616183062, -0.462031093219212, -0.6382281609999533, -0.5675821191950223, -0.790301033131457, -0.426043551346704, -0.7126162801078436, -0.40650899002668905, -0.6358617228182446, -0.46673398526077087, -0.7150691662958019, -0.7543660043660043, -0.8701658552032617, -0.5680173327801594, -0.7962867457452294, -0.5582123637679193, -0.665553573334553, -0.8036124794745484, -0.6790042461684251, -0.854174603174603, -0.8386397732955492, -0.7153909182720706, -0.7612992653976259, -0.6616425976628908, -0.7752943854638771, -0.6994309838472833, -0.7790898695660601, -0.6736830585145192, -0.4807772829355563, -0.7173188931688346, -0.45809057717703716, -0.5710244753639159, -0.8147865618739404, -0.7897964608490924, -0.5481888481888482, -0.6601298141995816, -0.4672715194741625, -0.7796847190439866, -0.7040293702441207, -0.5193673021103005, -0.6173667602239031, -0.7356986558299468, -0.547894143214767, -0.6068056852370578, -0.6212494659699629, -0.6417932217932217, -0.7243010514256149, -0.5672871438888151, -0.589224002513352, -0.7852968216443393, -0.4758706923961161, -0.8920676473032495, -0.81521164021164, -0.3665689680127369, -0.6526090129538404, -0.6031949740881979, -0.7493016243016243, -0.6874550035997119, -0.9108512079026507, -0.6807906625182372, -0.737627365356623, -0.7609150001841417, -0.6457599901179667], "3.162e-09": [-0.7631336989375758, -0.48897821754964604, -0.49967591392273786, -0.5263495008392968, -0.7615613106841177, -0.34414425841366475, -0.7270330506631876, -0.7471718457241842, -0.6582814204765424, -0.5855102751654475, -0.8198688839797087, -0.672795228027786, -0.8929051459293396, -0.5903871391076114, -0.6878835978835979, -0.631132956327185, -0.6658021084285886, -0.694780429334205, -0.4478271604938271, -0.7757230331857198, -0.6199170059011012, -0.7300896747587924, -0.45990151874703367, -0.8085453500071869, -0.6420954122051014, -0.7722392791925029, -0.7790261638945849, -0.7378750513769009, -0.5192546278753174, -0.5279105736782901, -0.7191951044620448, -0.7831751748318374, -0.5374142297611685, -0.6967522858199883, -0.6746459820893477, -0.4107653689495121, -0.6585531515510769, -0.5033219954648526, -0.7565517053503322, -0.7490737713849841, -0.747223624432105, -0.5626568647401979, -0.5097607763484541, -0.6989857941717897, -0.5373299867980719, -0.741024372259091, -0.3757946131834571, -0.7906001679064409, -0.7524026153058412, -0.7241483337974565, -0.8849567568683303, -0.6797917344614383, -0.6079972908200478, -0.802662763139551, -0.7193242365172189, -0.6599148451000303, -0.765419370211518, -0.782760832519578, -0.7149629054520359, -0.6459173239848086, -0.7162382803952262, -0.6185572532924558, -0.7593362364740036, -0.6527277195281781, -0.5921471625156374, -0.5813399606503054, -0.7504878231828586, -0.7040997464074387, -0.598740775549986, -0.5617151721081399, -0.4155261341760197, -0.7757241136329921, -0.7277885513179632, -0.5854599104599103, -0.6163964876730833, -0.8679057567946458, -0.8236912998817761, -0.6976209216468956, -0.7120029264136616, -0.7148118423399322, -0.5296562639253829, -0.8217859770839903, -0.5939486123087732, -0.7115344546728795, -0.732719801868738, -0.5466914538204547, -0.45978148835291693, -0.9274542043466346, -0.5533191118451233, -0.6091589861751151, -0.5198982166284618, -0.6727256761503336, -0.655314785090066, -0.5199218630069693, -0.6355777709944375, -0.620482858443924, -0.42941338271008594, -0.5448137072780269, -0.6115633453929141, -0.800406400272352],