{"0.0": {"0.0": [-0.6668009934358707, -0.571071410292967, -0.7151669490214697, -0.753939085683659, -0.681970333431799, -0.774042895929953, -0.5196288815086525, -0.5586106953962127, -0.8071368367978538, -0.5865267713365537, -0.6985592903828197, -0.6403982931386129, -0.6233768344034503, -0.6149628989265903, -0.773359313010315, -0.717478276176607, -0.8155252832800605, -0.5201419834617795, -0.5531585892959083, -0.6175274383422674, -0.7710822607247598, -0.8941233896200442, -0.6547281273147484, -0.4621045929624166, -0.42582573429178616, -0.8071122080268421, -0.7488363700702293, -0.6693992678917554, -0.7795402318513324, -0.6861438484414583, -0.8924573007487581, -0.5608219056494919, -0.5046896745367092, -0.6348406184509133, -0.8527515887338007, -0.7169660593176936, -0.6252672366646298, -0.7245143702399727, -0.6678041731353193, -0.6673428561221938, -0.7176407551895199, -0.5897333853614699, -0.4992330729877837, -0.8469826917407562, -0.7709167182261352, -0.5642291159718192, -0.8076722797051463, -0.6614247865566708, -0.605585732974268, -0.8098086930162847, -0.6441747557061398, -0.7653520292021928, -0.6335838427767126, -0.6375900521573312, -0.5063886566245261, -0.5674635844092484, -0.8236305330973779, -0.6774189284031803, -0.8233852612512137, -0.8404836361570098, -0.6323873385191853, -0.4210091866964376, -0.8362643171105865, -0.6449200700446251, -0.3905519566617418, -0.6821294120291832, -0.571453166527172, -0.5630116714612977, -0.6309944472488641, -0.9488143744427223, -0.840298756507044, -0.7294813099452563, -0.5468940321171926, -0.7475247177555803, -0.6707431915236483, -0.5496606659430866, -0.7331846223371272, -0.5630008660111582, -0.5519356447599897, -0.38786882508639675, -0.752780700985121, -0.7022395181010318, -0.8042049120498012, -0.6886132644272178, -0.7057639847919117, -0.6664511305959016, -0.8983351566663862, -0.5211630756662922, -0.7328389190206542, -0.7508464529035763, -0.6892216163296602, -0.5836242468613331, -0.7395729579979209, -0.8083755098739326, -0.725885259764283, -0.5907864068547666, -0.678036784820441, -0.5637825748650727, -0.771929152460126, -0.6520838821084672], "1e-09": [-0.8357365927633131, -0.7710534591194969, -0.8061740911418331, -0.7138719102898206, -0.733933257636501, -0.6436575694071374, -0.6038191442811555, -0.6128522313976498, -0.4294816483981037, -0.5377430560052261, -0.7568572876422132, -0.5301863829670855, -0.7085362013419566, -0.6046635734297869, -0.6623800876898506, -0.785264030679317, -0.6428560849815848, -0.5338474361243879, -0.37660865159071755, -0.7110792790467587, -0.6020638491442482, -0.7354919118735357, -0.8013463321352603, -0.7818502157767034, -0.6316727653757049, -0.7445099048341369, -0.686220863992609, -0.5099572787072786, -0.6350970750513655, -0.6412685276862374, -0.7347886582430806, -0.7776698412698413, -0.7315155548954787, -0.8348495778956476, -0.8468806682391773, -0.702805628208854, -0.6641951012646065, -0.6804425092676005, -0.43701284174063526, -0.7988389546176937, -0.5219921732133713, -0.7896703070870765, -0.455441693260576, -0.672960398663145, -0.6586048912029792, -0.6178945056414223, -0.3937441415479481, -0.7439818610037605, -0.7983659138000543, -0.9402524479094158, -0.5728587091731372, -0.847609432676591, -0.6371101547506722, -0.5880965022256129, -0.8046781739902804, -0.7194366352311978, -0.6871528248148203, -0.8496244937978653, -0.6199941233607068, -0.7221685479938573, -0.679746674432461, -0.7006797858181086, -0.6883526029721322, -0.71367590302422, -0.6411395161395161, -0.4460958167989417, -0.8523394799229973, -0.45328091987648306, -0.5685656185149084, -0.8434055685662244, -0.609452891975888, -0.5993592536648656, -0.8293771292070818, -0.8403154194153817, -0.660828319010437, -0.8783573193151787, -0.4875372510879187, -0.6557405918803095, -0.6890681276058032, -0.537932147529008, -0.7525529147055702, -0.5506132075471698, -0.6066519732210772, -0.7486041973817593, -0.5457291739505395, -0.537670431651871, -0.7671565613085721, -0.4070523733445081, -0.793466940040621, -0.788239327643881, -0.40144548650096495, -0.7137639227803162, -0.621541530968518, -0.7842573859436557, -0.6806650216699979, -0.44435879398948736, -0.695812256842949, -0.786082459283482, -0.7215344847474334, -0.626292413743252], "3.162e-09": [-0.8196398566204133, -0.4567911787214596, -0.48015116424066906, -0.40293414704851016, -0.7275085326092882, -0.37856931911809955, -0.6127622919086333, -0.7108254341078769, -0.865301540415665, -0.578204139039582, -0.4785205717041304, -0.8157237490365947, -0.8593026578717832, -0.7796728215095562, -0.5323445939557255, -0.7051894653443707, -0.6942757970255419, -0.7064466850823672, -0.4343429052546627, -0.3885697605000702, -0.6218789022773207, -0.6366119750722561, -0.375351884319571, -0.6782355359734352, -0.7128040437553613, -0.7240085201433595, -0.8456887178886402, -0.759809515875991, -0.5172537548476351, -0.5581708165252468, -0.6824504596279317, -0.6974308976464147, -0.6592169265392825, -0.5999743437071889, -0.6642559105217333, -0.4567326165592061, -0.5898332748720961, -0.46265902605173514, -0.7928304775667492, -0.8468332845539592, -0.7460472690735848, -0.6017267902278808, -0.5770164483198438, -0.6699125256195745, -0.8273907108148767, -0.5976136016334704, -0.34855506291592553, -0.842903413328888, -0.7983042705032508, -0.7113953109424124, -0.7987770914414254, -0.6225902494096981, -0.5708372895044145, -0.8405806074046693, -0.6734673584089925, -0.6818752347949427, -0.8347344236665492, -0.7671018226153162, -0.7144686593893127, -0.616276535492362, -0.5201165865502766, -0.6640816376515704, -0.8847026391053201, -0.6557172589406558, -0.5434286095214652, -0.5789023673985723, -0.7485227383386891, -0.7159075184815946, -0.5709027395347451, -0.604273058429721, -0.3768502949106186, -0.7732960585631047, -0.798411246612466, -0.56519532512744, -0.8622777116935054, -0.8604516499582288, -0.7092214109307644, -0.7140997910847695, -0.5848075107334365, -0.6592703598913736, -0.5278156378380866, -0.735061155694007, -0.8238593480205537, -0.6719006820493679, -0.6205219950356136, -0.8051617374966346, -0.4603918061785948, -0.8665802670992983, -0.9264128485747851, -0.6227841642455156, -0.8719412423468189, -0.5817044914311561, -0.5859616204205259, -0.5369948059426127, -0.6421634351191927, -0.5883839831563983, -0.5247656350142512, -0.5980112673739618, -0.6488145045025463, -0.7590632042463793],