{"0.0": {"0.0": [-0.5500398028451956, -0.7441415632486682, -0.5863589424488186, -0.3839042696901558, -0.6968449997831657, -0.6678258647266812, -0.6417840005043306, -0.5766775429138884, -0.5641053454138812, -0.6253617977668658, -0.5209621641880036, -0.5003139378227944, -0.6139892581042166, -0.6846371487401306, -0.5023654661730524, -0.5946462796861377, -0.6746669131124563, -0.7775046794967091, -0.7518631578304982, -0.5446764521898739, -0.5504150119487039, -0.4904776072851324, -0.6547521312606711, -0.5789460524810353, -0.7604725451641436, -0.6975866461594078, -0.6917583016321047, -0.7198397440691154, -0.45597954754364944, -0.563431076648105, -0.6882628716986061, -0.5736188067172182, -0.6179336402200019, -0.5692271577211996, -0.6633737000739716, -0.5271744962792434, -0.5502363575391479, -0.65900725259403, -0.7295442363611402, -0.500591777154224, -0.5847235459878558, -0.6943820131294248, -0.5384482703468653, -0.48898978637854584, -0.7166283665305899, -0.5702720617574079, -0.5107418067683486, -0.5856210342169995, -0.6039508370003726, -0.7826517176299959, -0.5753815388865581, -0.7853895077404803, -0.6062816670049346, -0.6487830814615624, -0.5593751979440275, -0.7470192219922263, -0.525233033027001, -0.46380145990779703, -0.5813570073082315, -0.5589584956789734, -0.5974801807451717, -0.5429752421506967, -0.6114365922708915, -0.7305612478036514, -0.5135031743218877, -0.5905381819729791, -0.6379088118711148, -0.7682271263436643, -0.6235703363860444, -0.4558583241812563, -0.6780993696085776, -0.6485293048251334, -0.6706170751051092, -0.7222824579964546, -0.6110496830311071, -0.6656136554476314, -0.5389060314608527, -0.5976892000701932, -0.5730589981275681, -0.6867244396679734, -0.6366862324697488, -0.6234913755870801, -0.6770878238037387, -0.7397289383589694, -0.7481291713102859, -0.7004829719199913, -0.5689696074128187, -0.6056087328838387, -0.6075823772791852, -0.5354000183860298, -0.7604634898400494, -0.5796662166674934, -0.6369183810206388, -0.5016490633507029, -0.6872271459596563, -0.7495751829439908, -0.8038898907227491, -0.5708571441560625, -0.5279287116387813, -0.6328344134107587], "1e-09": [-0.3541482482894332, 0.14904714313308948, -0.11991149947979031, -0.33467232353090787, -0.1928850301530497, -0.46196393371632327, 0.11965545901283194, -0.3254912077430104, -0.4832255884968936, -0.1705147220997572, -0.12565410678140576, -0.5306228829517969, 0.13279380894423112, -0.0641230031829351, -0.5432822364110409, -0.4638038247111835, -0.43630947783597374, -0.2818078158632043, -0.23320846257931477, -0.005885095521048592, -0.41391432704025893, -0.5915425931138006, -0.2675349520220476, -0.38298813443833696, -0.14642999001732573, -0.39275675179742287, -0.01758080238632276, -0.5529787437134928, -0.2803625718553021, -0.21803229585941006, -0.4447866713924359, -0.3888764002662844, -0.35906532682624587, -0.12484250762725574, -0.433259389400284, 0.11207328453065307, -0.0752630581175048, -0.036087994993026236, -0.3419687801415593, -0.025768755640814153, -0.547647450588627, -0.1780231038610363, -0.5190843585451014, -0.19076431801084473, -0.397703021027494, -0.5294330471729852, -0.351116931845068, -0.3326043117857815, 0.10799444253706356, -0.3802217554889081, -0.28256957602905913, -0.3480074169896152, -0.13177231970348374, -0.39079623080877507, -0.17778479536353128, -0.08822491408899565, -0.3246741203191007, -0.1839288162113366, 0.0423920594647119, -0.6327861253557847, -0.7646063676303639, -0.5243667996681631, -0.023710931904403154, 0.0756648417361432, -0.10827672684521296, -0.2075073913218756, -0.20874145649810433, -0.4965589657998785, -0.5874306781381743, 0.16067921379887895, -0.6260532888695701, -0.3076782727266845, -0.3343939662069117, -0.5959135670966079, -0.4901791967575872, -0.012987807208653406, -0.18400596630364924, -0.4986943555817705, -0.16454960872390303, -0.12354434237764157, -0.4819833874635388, -0.5478334992540055, -0.4209966663624699, -0.16363112175528138, -0.2003435019640261, -0.2360667494402349, -0.4738991367749156, -0.3946251886346176, -0.3529249464628954, 0.2052829489810217, 0.18705516069365638, -0.3493031837096999, -0.05129722628939074, -0.1317189623365853, -0.3868347195503883, -0.0008287806316158175, -0.455992511676826, -0.6427685459359306, -0.6886088993990809, -0.10544666027149902], "3.162e-09": [-0.22482154107788782, 0.19507584809616763, 0.01663914719845045, 0.08323345708076312, -0.19297348774189751, -0.5711393676463805, 0.37633590577355575, 0.43475712428325064, 0.07676872998075754, -0.04666471670587904, -0.23045809979809911, 0.25566036343421816, -0.3669273045111912, 0.30589145716236804, 0.07347611220403064, -0.06907588817539076, 0.01763427723010557, -0.2915515162574929, -0.33239061858445057, 0.2678281519993253, -0.11659936252714682, -0.3520274762484114, -0.2863398554378247, 0.086838267181206, 0.017752352637207872, -0.05311663798678607, -0.28331623586567645, 0.0223323872749678, -0.5699646698180183, -0.4634895601266396, -0.23955846472916745, 0.2544160273097609, -0.42168160128180093, -0.2521046208561092, -0.19626978205149337, 0.0361822014514793, -0.00847181746628577, -0.20638711707370727, -0.3401500507465337, -0.10630135131751291, 0.02594976920446661, -0.13121816477191323, -0.25792891007728247, 0.3551632942796457, 0.31264754578142473, -0.23920454623654128, -0.0005571467756102841, 0.07593315915627093, -0.25443038358034753, -0.29315184177993775, -0.37066406472502267, 0.04440050517236389, -0.11886415638882847, -0.13358872255789492, -0.03411652414482611, 0.3030927964642235, 0.15357606430244375, 0.07902136586447972, 0.1341831583837276, 0.371414587064561, -0.20342925929383998, -0.017933485826668122, 0.005129550286560515, 0.028705104421153007, 0.025164761880535402, -0.2131149145719954, 0.1296298938192473, -0.25964615393670987, -0.23599978134364327, 0.2220304556210636, 0.10407295830845223, 0.052951410082080166, -0.32000466997837823, -0.16155870861873678, -0.29054833279436315, 0.35089655575392265, 0.014077430096541233, -0.5714894971111364, -0.13371279387723245, 0.24216272683916487, 0.21233552133436512, 0.01202728137712666, 0.20181598257618044, -0.21489284620528437, 0.2575152122506985, -0.056970349678493216, 0.04625781323039176, 0.03193710809927796, -0.11209418896077393, 0.2904729654407826, -0.2233816978239252, -0.2148475121011099, 0.23553023960027877, 0.2227514598641787, -0.2890490505089072, -0.07406444226087425, 0.16659717437697139, 0.11917223983245405, -0.13392965015385974, -0.03668244745827437],