{"0.0": {"0.0": [-0.5872873769024171, -0.6851533116593357, -0.5803611270478741, -0.5245873648264086, -0.8088359215119777, -0.8524336635238889, -0.6736319527811124, -0.7479772359497445, -0.6222446010965648, -0.8567204934779191, -0.5575239977413888, -0.7631826005319982, -0.7299400433728792, -0.8461686163299066, -0.5501968503937008, -0.8364462392730944, -0.7064788878514369, -0.6589698255539838, -0.894687786037997, -0.5510832434376123, -0.7840915618358321, -0.5072911288507618, -0.6809915296462381, -0.6378997808987877, -0.8391883797544175, -0.7662061954311684, -0.754159239453357, -0.8428701180744776, -0.4448917516550366, -0.6723174603174602, -0.8265833133923586, -0.616705439237842, -0.8876003614037248, -0.7516939952081462, -0.7498768169499878, -0.5613081694566335, -0.6031321413130751, -0.8903162055335968, -0.7532432380179029, -0.7766050291823486, -0.5652828295497304, -0.6775570169301804, -0.5593739152387265, -0.6944571632071631, -0.8012593859899249, -0.6105809710917764, -0.553525450584274, -0.7365097588978186, -0.6696032558366233, -0.8720430107526881, -0.6415059174354674, -0.8528087718228564, -0.8891111111111112, -0.9036296156507517, -0.7030721966205837, -0.8059120417276445, -0.609257743211898, -0.7333157709870038, -0.6106150793650793, -0.6075806785435671, -0.6255668934240362, -0.5696676587301587, -0.6983348895113601, -0.8429908403026681, -0.5945451688025944, -0.8089086127547667, -0.6398611319746965, -0.7387335886735648, -0.8142913231252453, -0.764181467713066, -0.8037127913082112, -0.5420873232520184, -0.7416869424168694, -0.7818464938718103, -0.7240624543995331, -0.868183143773695, -0.867253058335861, -0.6380368582157846, -0.8179159318048206, -0.759599875362, -0.7960043787629993, -0.683702100368767, -0.753769408998167, -0.7379099075527645, -0.9361271165860874, -0.7774203599838703, -0.6870367407881406, -0.839552528427834, -0.7654079861111109, -0.7171428571428572, -0.8205878396556362, -0.9691218453808383, -0.6929902659069325, -0.6110433420680099, -0.7868937787710351, -0.6003465658475109, -0.8799153312876463, -0.6410144733315464, -0.6271520304028043, -0.653817266744096], "1e-09": [-0.07064067768730976, 0.16260453067681988, -0.4248795027904616, -0.6633070102521473, -0.2684462673958472, -0.765466545414462, 0.1351515151515152, -0.7493759125806604, -0.5843408978174602, 0.13217787114845944, -0.15562042124542122, -0.6644922209971823, 0.202909475289388, -0.09692827748383294, -0.6056519594655188, -0.5425184383517716, -0.3184319708771648, -0.3550053559256013, -0.6093884582256675, 0.016774398561508003, -0.4850126399422174, -0.5095509218180025, -0.5093011563599799, -0.4744840825467925, -0.35181154640988427, -0.4513481191563383, -0.3106022408963584, -0.681462869905081, -0.36262055822817163, -0.688689069008218, -0.3888002408550353, -0.3989163614163614, -0.4129961935834691, -0.10871585871585861, -0.4810009558282017, 0.16010430839002274, -0.020605034203360382, -0.14093561521545056, -0.4762724366855177, -0.03438045375218148, -0.6483141838790374, -0.49454276025191635, -0.4454064872325742, -0.26800451460777547, -0.4771229793329241, -0.5425219941348972, -0.37396299219503626, -0.6180569547988448, 0.08814514881831097, -0.539284656084656, -0.632031129603945, -0.3203811284217937, -0.058526373512367856, -0.2341387890014892, -0.23817054802456258, -0.2411902193455591, -0.670057331108544, -0.3521776526702635, -0.5216301087364079, -0.8690012970168612, -0.5619840426429162, -0.6085781830462682, -0.2066597653554174, 0.18559972968072666, -0.051355500291670464, -0.3305736846345983, -0.39913360693114447, -0.589148200534339, -0.6663995726495725, 0.04176223241590208, -0.7255683469969184, -0.5591405982130253, -0.5847398030942335, -0.6433483773909305, -0.5617805646431601, -0.12793023658146266, -0.0771292145780549, -0.7530847173704317, -0.23814145735942735, -0.3815000576501787, -0.5893673045542204, -0.6585928238933703, -0.6562089595797461, -0.31968550660139433, -0.16372599057486514, -0.3441461595824012, -0.5118973027807614, -0.208639300469046, -0.49951899951899936, 0.2292045141756125, -0.344559585492228, -0.8563422006044956, 0.1305192786069652, -0.22491150931917478, -0.5968980976614564, -0.3086149513568868, -0.8643592572164002, -0.8217073330709694, -0.521066626225862, -0.24050836550836543], "3.162e-09": [-0.21246888999502234, 0.22562428610815713, -0.14904740712484368, -0.12750626566416037, -0.3315218988830098, -0.5142362109162913, 0.40199115933293156, 0.14756722849506362, 0.10308214909000254, 0.13848869485541818, -0.22125905378332553, 0.5052788955957971, -0.22591521350324154, 0.08602810751807892, -0.038459100360058784, -0.055035242535242467, 0.237529048012919, 0.10462713387241694, -0.09497595875333095, 0.1671904761904763, -0.20374077444141128, -0.43804917800453513, -0.20733408323959493, -0.008292840945902168, 0.09619492656875844, -0.030523161645610537, -0.3609264184397162, 0.038946925509996864, -0.7240636393768644, -0.1165536865009623, -0.176091871091871, 0.25814901552606473, -0.5367234959827551, -0.329102281089036, -0.24999999999999983, -0.0503422854133754, -0.43247381940327995, -0.23186546052074322, -0.38682013089596023, -0.22831335331335323, 0.008053075396825449, -0.13492586490939038, -0.3800883256528417, 0.49314817790633314, -0.22757912399467684, -0.2901851153830045, -0.045112190296326224, -0.2304733487597937, -0.27373309817754254, -0.5308080808080807, -0.4121215299629395, -0.12459077380952385, -0.22648055323493915, -0.31203703703703695, -0.13199665831244772, 0.41866418182207665, 0.1930909314630245, -0.6200884725474889, -7.504972043967351e-05, 0.4438461682277937, -0.15961455961455961, -0.2486532518612163, 0.016087130295763488, 0.01104984183978807, -0.12085873565112305, -0.23616071428571425, 0.0005687830687831605, -0.22734891057872422, -0.33632411297852466, -0.003582115072240666, -0.1552368773596395, -0.17979674796747958, -0.3471809817075406, -0.3945475903959658, -0.5916087279723643, 0.4390000709672841, -0.1946730914588057, -0.17154085642831618, -0.286004525777253, 0.2852917401528513, 0.19364370748299325, -0.0599674514000356, -0.47894907653271956, -0.6856636271529889, 0.28801989803290196, -0.0068139097744359745, 0.07748832866479939, 0.11313105266173863, 0.07562753783684027, 0.35689202902713163, -0.5360112298887808, -0.3676323474137681, 0.20728450326542977, -0.020113105483157052, -0.2508567821067821, -0.15972454555592722, -0.4896472250102225, -0.0181012901983438, 0.07143419218490044, -0.37645951035781544],