{"0.0": {"0.0": [-0.48321874003509924, -0.511875554819629, -0.4714453783136654, -0.36110471356776763, -0.6753028846494751, -0.5909870325337349, -0.5274042963584821, -0.5299451578295238, -0.5366720427832764, -0.7272509167423474, -0.47015884726371593, -0.6630065733425817, -0.5200558595979738, -0.532576860716093, -0.4368750850964289, -0.5269593705445632, -0.5078765104627173, -0.6801509396862192, -0.7057914684486014, -0.5142805161240174, -0.6257249560896802, -0.4959133481676909, -0.662192048841466, -0.597203998840671, -0.7363315248977681, -0.6614915523738423, -0.6803455606039607, -0.7433496413235116, -0.4215710409863333, -0.5838798669161107, -0.725358167932532, -0.43291415647487613, -0.669536891029086, -0.5494873532058427, -0.7145455724528257, -0.39073552716116683, -0.5276236929928377, -0.63517428165704, -0.6750448489079173, -0.6471037595907853, -0.5027518811451313, -0.722227497794621, -0.4994965279524327, -0.5372750493440148, -0.7348196372828076, -0.5245785802045487, -0.43754811342408667, -0.5772505288587584, -0.4790114503861609, -0.6273413809885958, -0.5657639866247951, -0.6998617291568161, -0.6972852120437926, -0.5957340816139864, -0.4817870173223378, -0.5747651869382804, -0.4883370314278947, -0.4708188926474935, -0.5401007818314842, -0.6088566574689367, -0.5608689803605058, -0.5868054045696781, -0.5802117873849865, -0.7471298039096846, -0.456755910250841, -0.6315170416446984, -0.713131614350178, -0.5848009031198687, -0.5330990064685717, -0.4644083932647631, -0.675931305934978, -0.48339187917156945, -0.5849036777118655, -0.5947532249917822, -0.5078570454228393, -0.5499691705020858, -0.47159492386700214, -0.5138716726738506, -0.6134419821568473, -0.6984580575799502, -0.528587665611259, -0.6256133900657227, -0.6790387475857846, -0.7027713927556624, -0.6881434566163629, -0.6382240611940279, -0.594405785785096, -0.5491290899988374, -0.5458219240809652, -0.7075502286489025, -0.6301344367498789, -0.4578940452380964, -0.4613255485431466, -0.4617056267784475, -0.6957357740882645, -0.45893249986394713, -0.7558041220876469, -0.5813242768061475, -0.5808286204882905, -0.4785149010977586], "1e-09": [0.022193680222157345, 0.14780816068686684, -0.15678817957167482, -0.3137952272039363, 0.03130877941149794, -0.45146663681146443, -0.06140526539233434, -0.33015484206473095, -0.4156899910493183, -0.06924023322837754, -0.1454408111608923, -0.41392427008704014, 0.18022212212874777, 0.001346069285168486, -0.46911175377453185, -0.5927119424737392, -0.32017586512689, -0.2801348057371768, -0.1638585389886626, 0.0454398491942134, -0.19612078984331846, -0.1586401664214301, -0.09064169366460657, -0.46361824073718133, -0.19405774673458168, -0.3983366541094373, -0.06489746003811338, -0.5358550942143292, -0.26596443333075015, -0.1808809094075552, -0.29566986094336434, -0.2766856762998935, -0.253599820358441, -0.16608513975331649, -0.28713091027746196, 0.160483850165074, -0.20266621227365345, -0.1716666845055456, -0.3322468645477282, -0.16209997215990807, -0.6559788125880077, -0.16815061167299958, -0.29555576909589776, -0.2774662551358027, -0.33293071327267526, -0.4210640003127688, -0.3498185550594246, -0.31346788671635034, 0.026980543473778193, -0.4954888542862288, -0.24832340080653417, -0.19815417827037013, -0.2772709898034205, -0.28786413092808993, -0.24804803138885517, -0.047234157804920775, -0.7473084559933423, -0.22625156608165511, -0.45526038588933365, -0.6568913162466384, -0.5155699631229941, -0.4870348471715891, -0.036893278698649064, 0.2642560057070521, -0.14833810803638744, -0.1340770708293471, 0.06695008015601593, -0.435630121005624, -0.46472782402235413, 0.1045316234567986, -0.43022450384024336, -0.27853861258906215, -0.17289996702210234, -0.580541192203394, -0.49019397140858795, 0.002050672388417507, -0.06476823316736693, -0.4582757094290854, -0.14076386090168355, -0.004694150295730299, -0.4267975477728463, -0.43811205943016746, -0.38930076863575624, -0.1457223472943554, -0.21209785318980728, 0.342324357954297, -0.5281261842377738, -0.1642687325222593, -0.3796762973927489, 0.18211987190997686, 0.3157456039267357, -0.28852969348658997, 0.06321595354654409, -0.07371142010267755, -0.42184625993087616, -0.2050711554189275, -0.5260166662770017, -0.41143942969714287, -0.46215661955437426, -0.2711146464666332], "3.162e-09": [-0.32954218416867925, 0.16837415795008073, -0.03140074903302607, 0.14568651760779183, 0.013737833498482569, -0.42526154125112436, 0.2574069076835027, 0.4469601443416099, 0.1624595214914077, 0.07201787071177992, -0.06663239795803946, 0.3113976955356266, -0.21071322971750794, 0.08840284398590985, 0.020907491840799295, -0.09598960184546494, 0.08766185095799699, -0.3906951481434462, -0.2739138344094573, 0.10745098792986621, -0.027491820249614163, -0.3184920949486943, -0.09877841730970034, -0.07078115229579392, 0.054839512628241216, 0.1131798137187548, -0.32161240657294826, -0.08066031645000256, -0.35552967318669293, -0.09323039239765657, -0.18094125930163793, 0.2604075794978698, -0.408937765226629, -0.23109237851908532, -0.10950678818167411, -0.08115736804908305, -0.004541662825966062, -0.1657525391770338, -0.26285487234060795, -0.20620653652802987, 0.04386018660034901, -0.11356216026256101, -0.12279407541570171, 0.23338171873884495, 0.04118152309681543, -0.20480020869036886, -0.1162004951315747, 0.03906115399484099, -0.05753877029739093, -0.3701125297482761, -0.2616690621000966, -0.002902262383586957, -0.19780900524697137, -0.2501179804489688, -0.16805030251865377, 0.4283602432840839, 0.15894722754159468, -0.2612829222796461, -0.03714851559679144, 0.40797142768228656, 0.017567077264898496, 0.07790226707975828, 0.09627240071886171, -0.02397390057488576, -0.16433964773765458, -0.16759498516471127, 0.11641816165011634, -0.12621375750218622, -0.037483762352339856, 0.19850239396341343, -0.027567208253478036, -0.02969455390482254, -0.32948975890430987, -0.2663206076945801, -0.27530267869010266, 0.3518954801468573, -0.10065052987134368, -0.4153041084075567, -0.06449784510622511, 0.27087712933211233, 0.20576941811832178, -0.09442097833954533, 0.2606576631389586, -0.11379646184263512, 0.21266456962706062, 0.04701665889983499, 0.11604250643894354, 0.21442339097676835, 0.49268403341115563, 0.3309259988803676, -0.17097226287642253, -0.3177847720111914, 0.13934478724733496, 0.2951107355405571, -0.2247406664149905, 0.03251540677941664, -0.2362512739770635, 0.24954169211689317, -0.04239456067267649, 0.1013926528202375],