{"0.0": {"0.0": [-0.6017410951621478, -0.6083101360548372, -0.4720609599562043, -0.445691066950097, -0.7341829936689177, -0.742140277163497, -0.6479262948505107, -0.6308187134502924, -0.5882986040025309, -0.7523214165682404, -0.4817220022419798, -0.4129193633117601, -0.5314234007867067, -0.63185479421825, -0.49315338732559466, -0.5724391885115703, -0.6011299788389571, -0.7268044679171978, -0.8140022315718909, -0.47544321372273596, -0.6342975513015998, -0.5546393401249884, -0.6584609948538472, -0.5534952679056253, -0.7380822381992372, -0.7469510321247508, -0.7250218069684013, -0.8159598870674473, -0.4082224964577905, -0.4552408445597299, -0.6027800487552808, -0.4059534288431574, -0.5839347943601545, -0.6700339449565453, -0.5807362285690458, -0.5291447200889926, -0.5457649921567068, -0.7030420086914533, -0.7168305230588967, -0.6923834024269299, -0.5030121810307568, -0.5581341173446435, -0.5255818031784496, -0.47262586069594953, -0.6738574377119267, -0.644238900747179, -0.5373655648452992, -0.5697702591857163, -0.6930912350320245, -0.6994453409050603, -0.6232207502884194, -0.7165232320998575, -0.7420325643006528, -0.6350060199518404, -0.621490232429345, -0.695426092393086, -0.4768197202407729, -0.46744818715442943, -0.5766977492751486, -0.5370237878433106, -0.5540149183080038, -0.5579509301813783, -0.6415832635603066, -0.6433219743033264, -0.5683741931639349, -0.673552759208074, -0.7120947827268548, -0.5151403902086837, -0.6441540079737028, -0.4451803339419439, -0.7746618384195784, -0.5041162777493896, -0.624378026854807, -0.8641103371173031, -0.49425298806103757, -0.5479822745268969, -0.5325423004092602, -0.6030801490206599, -0.5470935829227332, -0.6716039310527862, -0.5173500962974646, -0.6085823878693147, -0.5687717549107064, -0.732523490461427, -0.6899207388758472, -0.7734997029114675, -0.565882005823772, -0.5744652315640689, -0.5556476433144286, -0.5939191871080415, -0.7758296670468741, -0.5570791733431941, -0.5605323073898925, -0.4886732589193074, -0.7756155093616395, -0.5790684487511113, -0.8609669492788764, -0.4821487003016868, -0.5707240184266641, -0.5963349515981093], "1e-09": [-0.0958582000490383, 0.0999277772318973, -0.16738319083587624, -0.4364710796599342, -0.21767977082734558, -0.5065208825452863, 0.13779881968736463, -0.23768397806243424, -0.48860897874055764, 0.16131919636950603, -0.17211589580010628, -0.4733819201845252, 0.24339139563321352, 0.045751900703150716, -0.47630457217211825, -0.41796484738681855, -0.3084875108336794, -0.21483297022512696, -0.14532722957645558, 0.033259212503278554, -0.36513665977030274, -0.5216054150527833, -0.3405317926989753, -0.5344341245270038, -0.3697011193141223, -0.36036294859824275, -0.0003693017064427013, -0.5662849190712967, -0.3475083787901125, -0.18790480702574763, -0.22791353221793645, -0.11497060340291407, -0.3472991721620913, -0.19950410314187395, -0.5180972708062491, 0.1585549424062189, 0.0067417741864038965, -0.10057577656261857, -0.27408764020882553, -0.3755171994701172, -0.46325798645624655, -0.15955282769755724, -0.4657956388296946, -0.2331305968239689, -0.38058556510568886, -0.643760594939447, -0.3687815428983417, -0.4049650269464512, -0.36754186479543516, -0.43668216243680635, -0.2932864162976596, -0.2703393970481372, -0.33875148927808146, -0.3703040424388954, -0.21437899276026567, -0.09413951545530484, -0.6590346787715209, -0.36206767643400023, 0.08197942025686261, -0.6519773841809264, -0.5335560851793419, -0.26781577555571356, -0.04188454312894471, 0.1524622454130127, -0.30281648492908064, -0.1951597576829774, 0.10862689284652503, -0.49443925203315353, -0.3813457334023455, 0.08018538034556348, -0.6249594918325568, -0.4242070889112703, -0.31150809934379664, -0.5227157248209879, -0.43416371388240704, -0.13929801454329424, -0.010394147540856736, -0.5629518542215047, -0.11412781830179929, -0.28019340402537696, -0.38946753687008684, -0.49007626742404853, -0.4295758952568501, -0.1721748354968541, -0.22595467432312277, -0.32395577457848773, -0.48107671138630886, -0.3838724898666418, -0.4197510203702153, 0.20732795710797997, 0.09266498973084959, -0.3654694997530772, 0.09509292050775894, -0.10662151969864977, -0.30729188761524495, -0.18954795052656892, -0.3024189997065557, -0.3201945610396655, -0.5567286209185075, -0.23429137698370706], "3.162e-09": [-0.21508266121472897, 0.27728867525417733, -0.10755422457809859, 0.2301497668529051, -0.30621662708350006, -0.3604334506952014, 0.3393059971423194, 0.4084458415623407, 0.33374622872122284, 0.06541149027259553, -0.18777172656667765, 0.4539187940652575, -0.2279905862835225, 0.37147094353063675, 0.05570116534958135, -0.10716196104539084, 0.14350769247570075, 0.17955701848890704, -0.4348291512563034, 0.0201329887862396, -0.16761834127873654, 0.3611291232456446, -0.08769110873778647, -0.0668529677020154, -0.033753247215401544, -0.029038206375667616, -0.2940425819450588, -0.09804115978375152, -0.4243716312556233, -0.109819116785061, 0.05996531504271449, 0.15362179821133187, -0.09494328054699566, -0.24553739404981562, -0.34335935331070216, 0.02605359997456159, -0.008046434808289102, -0.2134566911559945, -0.32188745689274256, -0.18583411075671133, -0.01782578794962691, -0.25361787090004695, -0.09811113491285782, 0.4155280182523431, -0.3130986623839531, -0.09607271030957545, -0.1265179227825613, 0.198786589595966, -0.06936927177331519, -0.1953317973260664, 0.11041195180487835, -0.13966907800757125, -0.051133014903912706, -0.1594880382687003, -0.12256902180910051, 0.33799878005428646, 0.2586048655873049, -0.48727455894638555, -0.047509185860578965, 0.3722376747577075, -0.1630373840126162, -0.07775930820578028, -0.03918216930987825, -0.05779813817511865, -0.1383614356060176, -0.19542149218361798, 0.334795321637427, -0.3046774744562801, -0.23782524939800476, 0.1762307272241711, -0.3164528846749103, 0.21666340786406582, -0.40678000333573094, -0.04010493951551346, -0.269476850555874, 0.4288458403195245, 0.13290793233827292, -0.6174448146872367, -0.23575130600729025, 0.3715940436225804, 0.08387041808094449, 0.02609497103821156, 0.3279100890255001, -0.10925000781811925, 0.31282262811806316, 0.13343342036893874, 0.04559940972479679, 0.0562711468523604, 0.1173628465617631, 0.22061067717884741, -0.14323148506821964, -0.34877776735361876, 0.2938245226432554, 0.21962715368730412, -0.26395707389859435, -0.1290188639303657, 0.24633260711692093, -0.3161750145822168, 0.008470698629920267, 0.07773073160070068],